ADDRESS,AGE,EMAIL,EMPLOYEE_ID,NAME,PHONE,SURNAME,_id
"Baikonur 42, Kyzylorda",18,squadradihaip@gmail.com,1,Abl,87051836304,Ahm,6464e72b860eee6b7f637578
"Baikonur 41, Kyzylorda",20,squadradihaipo@gmail.com,2,Edige,87051736304,Bissultanov,6464e72b860eee6b7f637579
"Baikonur 40, Kyzylorda",20,squadradihuip@gmail.com,3,Rasul,87051736303,Sheriazdanov,6464e72b860eee6b7f63757a
"Baikonur 45, Kyzylorda",28,squadradihqip@gmail.com,4,Roma,87051736302,Drakon,6464e72b860eee6b7f63757b
"Baikonur 46, Kyzylorda",35,squadradiwqip@gmail.com,5,Patsan,87051736302,Nguyen,6464e72b860eee6b7f63757c
"Baikonur 47, Kyzylorda",27,squadradiwqip@gmail.com,6,Emily,87051736302,Chen,6464e72b860eee6b7f63757d
"Baikonur 49, Kyzylorda",33,squadradiqip@gmail.com,7,David,87051736300,Garcia,6464e72b860eee6b7f63757e