PROD_CATEGORY,PROD_DESCRIPTION,PROD_ID,PROD_IN_STOCK,PROD_NAME,PROD_PRICE,PROD_STATUS,PROD_WEIGHT,_id
29,Mobile Portable Gaming Platform from Valve,31,79,SteamDeck 512GB,959,1,1,6464e6e9860eee6b7f637558
1,The latest iPhone with Pro features,1,100,Apple iPhone 13 Pro,999,1,0.2,6464e6e9860eee6b7f637559
2,Classic sneakers for casual wear,2,50,Nike Air Max 90,129,1,0.5,6464e6e9860eee6b7f63755a
3,Powerful mixer for baking and cooking,3,20,KitchenAid Stand Mixer,399,1,10,6464e6e9860eee6b7f63755b
4,Long-lasting liquid lipstick in various shades,4,200,Maybelline Superstay Matte Ink Lipstick,9,1,0.02,6464e6e9860eee6b7f63755c
5,Official football for games and practice,5,30,Wilson NFL Official Football,25,1,1,6464e6e9860eee6b7f63755d
6,Large set of bricks for building various creations,6,10,LEGO Classic Creative Bricks Set,59,1,2,6464e6e9860eee6b7f63755e
7,Affordable and versatile bookcase for home or office,7,5,IKEA Billy Bookcase,69,1,30,6464e6e9860eee6b7f63755f
8,Various flavors of delicious ice cream,8,100,Ben & Jerrys Ice Cream Pint,5,1,0.5,6464e6e9860eee6b7f637560
9,The first book in the Harry Potter series,9,50,Harry Potter and the Philosophers Stone,12,1,1,6464e6e9860eee6b7f637561
10,Classic and timeless earrings for any occasion,10,10,14k Gold Stud Earrings,99,1,0.02,6464e6e9860eee6b7f637562
11,High-performance tire for cars and SUVs,11,40,Michelin Defender T+H All-Season Tire,149,1,20,6464e6e9860eee6b7f637563
12,The latest gaming console from Sony,12,10,Sony PlayStation 5 Console,499,1,4.5,6464e6e9860eee6b7f637564
13,High-quality headphones for audiophiles,13,15,Sennheiser HD 650 Headphones,399,1,0.26,6464e6e9860eee6b7f637565
14,Instant film camera with a vintage look,14,25,Polaroid Originals OneStep 2 Camera,99,1,0.61,6464e6e9860eee6b7f637566
15,Large-screen TV with 4K resolution and smart features,15,5,Samsung 4K UHD Smart TV,999,1,28,6464e6e9860eee6b7f637567
16,High-quality noise-cancelling headphones for music and calls,16,25,Sony WH-1000XM4 Wireless Headphones,349,1,0.26,6464e6e9860eee6b7f637568
17,Waterproof e-reader with glare-free display,17,30,Amazon Kindle Paperwhite,149,1,0.2,6464e6e9860eee6b7f637569
18,Versatile gaming console for home and on-the-go,18,10,Nintendo Switch Console,299,1,1.2,6464e6e9860eee6b7f63756a
19,High-performance camera for professional photography and videography,19,5,Canon EOS R5 Mirrorless Camera,3899,1,1.5,6464e6e9860eee6b7f63756b
20,Advanced fitness tracker with built-in GPS and heart rate monitoring,20,50,Fitbit Charge 5 Fitness Tracker,179,1,0.02,6464e6e9860eee6b7f63756c
21,Various flavors of high-quality coffee beans for home brewing,21,100,Starbucks Coffee Beans,12,1,0.5,6464e6e9860eee6b7f63756d
22,"Large, high-quality TV with smart features and HDR",22,15,TCL 55-inch 4K Smart LED TV,499,1,20,6464e6e9860eee6b7f63756e
23,High-performance tablet with Pro features and Apple Pencil support,23,20,Apple iPad Pro,799,1,0.6,6464e6e9860eee6b7f63756f
24,Portable speaker with high-quality sound and waterproof design,24,30,JBL Flip 5 Portable Bluetooth Speaker,119,1,0.54,6464e6e9860eee6b7f637570
25,High-performance gaming laptop with NVIDIA GeForce RTX graphics,25,10,ASUS ROG Strix G15 Gaming Laptop,1499,1,2.3,6464e6e9860eee6b7f637571
26,Ultra-high definition TV with Smart features,26,10,Samsung 55-inch QLED 4K Smart TV,899,1,35,6464e6e9860eee6b7f637572
27,Sensual and masculine fragrance for men,27,30,Calvin Klein Euphoria Men Eau de Toilette,79,1,0.5,6464e6e9860eee6b7f637573
28,Noise-cancelling headphones for immersive sound,28,20,Bose QuietComfort 35 II Wireless Headphones,299,1,0.25,6464e6e9860eee6b7f637574
29,Portable gaming console with Joy-Con controllers,29,15,Nintendo Switch Console,299,1,1,6464e6e9860eee6b7f637575
30,Wireless VR headset with hand controllers,30,5,Oculus Quest 2 Virtual Reality Headset,399,1,0.57,6464e6e9860eee6b7f637576