PHONE_NUMBER,PRODUCT_ID,VENDORS_ID,VENDOR_NAME,VENDOR_SUPPORTSTATUS,_id
123456789,1,1,Vendor1,1,6464e7ff860eee6b7f6375d4
987654321,2,2,Vendor2,0,6464e7ff860eee6b7f6375d5
555555555,3,3,Vendor3,1,6464e7ff860eee6b7f6375d6
111111111,4,4,Vendor4,0,6464e7ff860eee6b7f6375d7
222222222,5,5,Vendor5,1,6464e7ff860eee6b7f6375d8
333333333,6,6,Vendor6,0,6464e7ff860eee6b7f6375d9
444444444,7,7,Vendor7,1,6464e7ff860eee6b7f6375da
777777777,8,8,Vendor8,0,6464e7ff860eee6b7f6375db
888888888,9,9,Vendor9,1,6464e7ff860eee6b7f6375dc
999999999,10,10,Vendor10,0,6464e7ff860eee6b7f6375dd
444444444,11,11,Vendor11,1,6464e7ff860eee6b7f6375de
777777777,12,12,Vendor12,0,6464e7ff860eee6b7f6375df
888888888,13,13,Vendor13,1,6464e7ff860eee6b7f6375e0
999999999,14,14,Vendor14,0,6464e7ff860eee6b7f6375e1
444444444,15,15,Vendor15,1,6464e7ff860eee6b7f6375e2
123456789,16,16,Vendor 16,1,6464e7ff860eee6b7f6375e3
234567890,17,17,Vendor 17,0,6464e7ff860eee6b7f6375e4
345678901,18,18,Vendor 18,1,6464e7ff860eee6b7f6375e5
456789012,19,19,Vendor 19,0,6464e7ff860eee6b7f6375e6
567890123,20,20,Vendor 20,1,6464e7ff860eee6b7f6375e7
678901234,21,21,Vendor 21,0,6464e7ff860eee6b7f6375e8
789012345,22,22,Vendor 22,1,6464e7ff860eee6b7f6375e9
890123456,23,23,Vendor 23,0,6464e7ff860eee6b7f6375ea
901234567,24,24,Vendor 24,1,6464e7ff860eee6b7f6375eb
123456789,25,25,Vendor 25,0,6464e7ff860eee6b7f6375ec
234567890,26,26,Vendor 26,1,6464e7ff860eee6b7f6375ed
345678901,27,27,Vendor 27,0,6464e7ff860eee6b7f6375ee
456789012,28,28,Vendor 28,1,6464e7ff860eee6b7f6375ef
567890123,29,29,Vendor 29,0,6464e7ff860eee6b7f6375f0
678901234,30,30,Vendor 30,1,6464e7ff860eee6b7f6375f1