CUST_ADDRESS,CUST_AGE,CUST_EMAIL,CUST_ID,CUST_NAME,CUST_PHONE,CUST_SURNAME,CUST_WALLET,_id
123 Main St,25,john.smith@email.com,1,John,555-1234,Smith,1000,6464e766860eee6b7f637580
456 Oak Ave,30,emily.davis@email.com,2,Emily,555-5678,Davis,500,6464e766860eee6b7f637581
789 Maple Ln,40,michael.johnson@email.com,3,Michael,555-9012,Johnson,2500,6464e766860eee6b7f637582
321 Elm St,28,avery.williams@email.com,4,Avery,555-3456,Williams,1500,6464e766860eee6b7f637583
654 Pine St,35,sophia.brown@email.com,5,Sophia,555-7890,Brown,3000,6464e766860eee6b7f637584
987 Cedar Rd,22,ethan.garcia@email.com,6,Ethan,555-2345,Garcia,200,6464e766860eee6b7f637585
159 Birch Blvd,27,isabella.martinez@email.com,7,Isabella,555-6789,Martinez,750,6464e766860eee6b7f637586
753 Spruce Ave,33,noah.anderson@email.com,8,Noah,555-0123,Anderson,100,6464e766860eee6b7f637587
246 Oak Ave,42,mia.thomas@email.com,9,Mia,555-4567,Thomas,2000,6464e766860eee6b7f637588
987 Pine St,29,william.jackson@email.com,10,William,555-8901,Jackson,1800,6464e766860eee6b7f637589
321 Maple Ln,26,ava.white@email.com,11,Ava,555-2345,White,300,6464e766860eee6b7f63758a
654 Cedar Rd,37,james.harris@email.com,12,James,555-6789,Harris,3500,6464e766860eee6b7f63758b
123 Main St,28,agarcia@email.com,13,Avery,555-555-1313,Garcia,500,6464e766860eee6b7f63758c
456 Oak Ave,35,inguyen@email.com,14,Isabella,555-555-1414,Nguyen,700,6464e766860eee6b7f63758d
789 Elm Blvd,22,eperez@email.com,15,Elijah,555-555-1515,Perez,300,6464e766860eee6b7f63758e
123 Main St,41,nrobinson@email.com,16,Natalie,555-555-1616,Robinson,1200,6464e766860eee6b7f63758f
456 Oak Ave,33,ccooper@email.com,17,Cameron,555-555-1717,Cooper,800,6464e766860eee6b7f637590
789 Elm Blvd,29,llee@email.com,18,Lila,555-555-1818,Lee,600,6464e766860eee6b7f637591
123 Main St,47,ngonzalez@email.com,19,Nicholas,555-555-1919,Gonzalez,1500,6464e766860eee6b7f637592
456 Oak Ave,26,awhite@email.com,20,Audrey,555-555-2020,White,400,6464e766860eee6b7f637593
789 Elm Blvd,31,hallen@email.com,21,Hudson,555-555-2121,Allen,900,6464e766860eee6b7f637594
123 Main St,24,sking@email.com,22,Sophia,555-555-2222,King,200,6464e766860eee6b7f637595
456 Oak Ave,38,gwright@email.com,23,Gabriel,555-555-2323,Wright,1100,6464e766860eee6b7f637596
789 Elm Blvd,30,cscott@email.com,24,Chloe,555-555-2424,Scott,700,6464e766860eee6b7f637597
"123 Main St, Apt 2",34,julian_loh@example.com,25,Julian,555-2984,Loh,2500,6464e766860eee6b7f637598
"123 Main St, Apt 2",35,emma.garcia@example.com,26,Emma,555-1234,Garcia,1500,6464e766860eee6b7f637599
"456 Oak St, Suite 10",28,aiden.wright@example.com,27,Aiden,555-5678,Wright,500,6464e766860eee6b7f63759a
"789 Maple St, Apt 5B",42,chloe.smith@example.com,28,Chloe,555-9012,Smith,2500,6464e766860eee6b7f63759b
"321 Elm St, Unit 4",23,luke.hernandez@example.com,29,Luke,555-3456,Hernandez,100,6464e766860eee6b7f63759c
"654 Pine St, Suite 3A",31,mia.brown@example.com,30,Mia,555-7890,Brown,800,6464e766860eee6b7f63759d
"987 Cedar St, Apt 7",27,ethan.johnson@example.com,31,Ethan,555-2345,Johnson,400,6464e766860eee6b7f63759e
"654 Pine St, Suite 3B",20,harper.davis@example.com,32,Harper,555-6789,Davis,50,6464e766860eee6b7f63759f
"123 Main St, Apt 3",39,william.gonzalez@example.com,33,William,555-1234,Gonzalez,2000,6464e766860eee6b7f6375a0
"456 Oak St, Suite 11",44,amelia.rodriguez@example.com,34,Amelia,555-5678,Rodriguez,3000,6464e766860eee6b7f6375a1
"789 Maple St, Apt 5C",52,james.lee@example.com,35,James,555-9012,Lee,5000,6464e766860eee6b7f6375a2
"321 Elm St, Unit 5",24,olivia.walker@example.com,36,Olivia,555-3456,Walker,150,6464e766860eee6b7f6375a3
456 Elm St,42,mohamed@email.com,37,Mohamed,555-5678,Ali,2000,6464e766860eee6b7f6375a4
789 Oak St,19,emily@email.com,38,Emily,555-9012,Baker,100,6464e766860eee6b7f6375a5
321 Pine St,35,carlos@email.com,39,Carlos,555-3456,Garcia,1500,6464e766860eee6b7f6375a6
654 Cedar St,22,anna@email.com,40,Anna,555-7890,Kovalenko,300,6464e766860eee6b7f6375a7
987 Maple St,29,kofi@email.com,41,Kofi,555-4321,Boateng,1000,6464e766860eee6b7f6375a8
741 Pineapple St,25,sophia@email.com,42,Sophia,555-8765,Nguyen,700,6464e766860eee6b7f6375a9
852 Oakwood Ave,37,gabriel@email.com,43,Gabriel,555-4321,Martinez,1200,6464e766860eee6b7f6375aa
963 Appleton St,27,fatima@email.com,44,Fatima,555-7890,Al-Sayed,800,6464e766860eee6b7f6375ab
258 Oakley Blvd,32,william@email.com,45,William,555-1234,Li,5000,6464e766860eee6b7f6375ac
369 Pine Grove Dr,21,jasmine@email.com,46,Jasmine,555-5678,Kim,200,6464e766860eee6b7f6375ad
147 Maplewood Ave,46,victor@email.com,47,Victor,555-9012,Oliveira,3000,6464e766860eee6b7f6375ae
123 Main St,28,maria@email.com,48,Maria,555-1234,Rodriguez,500,6464e766860eee6b7f6375af
"789 Oak St, Anytown USA",19,isabella.gonzalez@example.com,49,Isabella,	+1-555-555-9012,Gonzalez,500,6464e766860eee6b7f6375b0
"10 Pine St, Anytown USA",42,max.johnson@example.com,50,Max,	+1-555-555-3456,Johnson,3000,6464e766860eee6b7f6375b1