CUSTOMER_ID,ORDER_ID,ORDER_PRICE,ORDER_WEIGHT_STATUS,PRODUCT_ID,_id
1,1,50.99,Underweight,1,6464e86e860eee6b7f637612
2,2,120.5,Overweight,2,6464e86e860eee6b7f637613
3,3,75,Normal,3,6464e86e860eee6b7f637614
4,4,25.99,Underweight,4,6464e86e860eee6b7f637615
5,5,150.75,Overweight,5,6464e86e860eee6b7f637616
6,6,85.25,Normal,6,6464e86e860eee6b7f637617
7,7,30.99,Underweight,7,6464e86e860eee6b7f637618
8,8,210,Overweight,8,6464e86e860eee6b7f637619
9,9,95.5,Normal,9,6464e86e860eee6b7f63761a
10,10,45.99,Underweight,10,6464e86e860eee6b7f63761b
11,11,170.25,Overweight,11,6464e86e860eee6b7f63761c
12,12,65,Normal,12,6464e86e860eee6b7f63761d
13,13,20.99,Underweight,13,6464e86e860eee6b7f63761e
14,14,190.5,Overweight,14,6464e86e860eee6b7f63761f
15,15,105,Normal,15,6464e86e860eee6b7f637620
16,16,35.99,Underweight,16,6464e86e860eee6b7f637621
17,17,230.75,Overweight,17,6464e86e860eee6b7f637622
18,18,125.5,Normal,18,6464e86e860eee6b7f637623
19,19,55.99,Underweight,19,6464e86e860eee6b7f637624
20,20,250.5,Overweight,20,6464e86e860eee6b7f637625
21,21,135,Normal,21,6464e86e860eee6b7f637626
22,22,40.99,Underweight,22,6464e86e860eee6b7f637627
23,23,190.25,Overweight,23,6464e86e860eee6b7f637628
24,24,95.5,Normal,24,6464e86e860eee6b7f637629
25,25,28.99,Underweight,25,6464e86e860eee6b7f63762a
26,26,130.75,Overweight,26,6464e86e860eee6b7f63762b
27,27,75.5,Normal,27,6464e86e860eee6b7f63762c
28,28,35.99,Underweight,28,6464e86e860eee6b7f63762d
29,29,170.5,Overweight,29,6464e86e860eee6b7f63762e
30,30,125,Normal,30,6464e86e860eee6b7f63762f