PHOTO_ID,PHOTO_URL,PRODUCT_ID,_id
1,https://example.com/photos/1.jpg,1,6464e88f860eee6b7f637631
2,https://example.com/photos/2.jpg,2,6464e88f860eee6b7f637632
3,https://example.com/photos/3.jpg,3,6464e88f860eee6b7f637633
4,https://example.com/photos/4.jpg,4,6464e88f860eee6b7f637634
5,https://example.com/photos/5.jpg,5,6464e88f860eee6b7f637635
6,https://example.com/photos/6.jpg,6,6464e88f860eee6b7f637636
7,https://example.com/photos/7.jpg,7,6464e88f860eee6b7f637637
8,https://example.com/photos/8.jpg,8,6464e88f860eee6b7f637638
9,https://example.com/photos/9.jpg,9,6464e88f860eee6b7f637639
10,https://example.com/photos/10.jpg,10,6464e88f860eee6b7f63763a
11,https://example.com/photos/11.jpg,11,6464e88f860eee6b7f63763b
12,https://example.com/photos/12.jpg,12,6464e88f860eee6b7f63763c
13,https://example.com/photos/13.jpg,13,6464e88f860eee6b7f63763d
14,https://example.com/photos/14.jpg,14,6464e88f860eee6b7f63763e
15,https://example.com/photos/15.jpg,15,6464e88f860eee6b7f63763f
16,https://example.com/photos/16.jpg,16,6464e88f860eee6b7f637640
17,https://example.com/photos/17.jpg,17,6464e88f860eee6b7f637641
18,https://example.com/photos/18.jpg,18,6464e88f860eee6b7f637642
19,https://example.com/photos/19.jpg,19,6464e88f860eee6b7f637643
20,https://example.com/photos/20.jpg,20,6464e88f860eee6b7f637644
21,https://example.com/photos/21.jpg,21,6464e88f860eee6b7f637645
22,https://example.com/photos/22.jpg,22,6464e88f860eee6b7f637646
23,https://example.com/photos/23.jpg,23,6464e88f860eee6b7f637647
24,https://example.com/photos/24.jpg,24,6464e88f860eee6b7f637648
25,https://example.com/photos/25.jpg,25,6464e88f860eee6b7f637649
26,https://example.com/photos/26.jpg,26,6464e88f860eee6b7f63764a
27,https://example.com/photos/27.jpg,27,6464e88f860eee6b7f63764b
28,https://example.com/photos/28.jpg,28,6464e88f860eee6b7f63764c
29,https://example.com/photos/29.jpg,29,6464e88f860eee6b7f63764d
30,https://example.com/photos/30.jpg,30,6464e88f860eee6b7f63764e