DISCOUNTS_ID,DISCOUNT_DURATION,DISCOUNT_EVENT,DISCOUNT_START_DAY,PRODUCT_ID,_id
1,6,Spring Sale,04/10/2023,1,6464e7b4860eee6b7f6375b5
2,12,Summer Sale,06/01/2023,2,6464e7b4860eee6b7f6375b6
3,12,Winter Clearance,01/15/2023,3,6464e7b4860eee6b7f6375b7
4,6,New Year Sale,01/01/2023,4,6464e7b4860eee6b7f6375b8
5,12,Back to School,08/15/2023,5,6464e7b4860eee6b7f6375b9
6,6,Holiday Sale,12/10/2023,6,6464e7b4860eee6b7f6375ba
7,12,End of Summer Sale,09/01/2023,7,6464e7b4860eee6b7f6375bb
8,3,Labor Day Sale,09/04/2023,8,6464e7b4860eee6b7f6375bc
9,3,Black Friday Sale,11/24/2023,9,6464e7b4860eee6b7f6375bd
10,3,Cyber Monday,11/27/2023,10,6464e7b4860eee6b7f6375be
11,6,Valentine Day Sale,02/14/2023,11,6464e7b4860eee6b7f6375bf
12,3,Mother Day Sale,05/14/2023,12,6464e7b4860eee6b7f6375c0
13,3,Summer Sale 2023,06/01/2023,13,6464e7b4860eee6b7f6375c1
14,6,Back to School 2023,08/01/2023,14,6464e7b4860eee6b7f6375c2
15,3,Fall Collection 2023,09/15/2023,15,6464e7b4860eee6b7f6375c3
16,12,Halloween Sale 2023,10/15/2023,16,6464e7b4860eee6b7f6375c4
17,12,Thanksgiving 2023,11/15/2023,17,6464e7b4860eee6b7f6375c5
18,12,Christmas Sale 2023,12/01/2023,18,6464e7b4860eee6b7f6375c6
19,12,New Year Sale 2024,01/01/2024,19,6464e7b4860eee6b7f6375c7
20,12,Valentines Day Sale 2024,02/01/2024,20,6464e7b4860eee6b7f6375c8
21,12,Spring Sale 2024,03/01/2024,21,6464e7b4860eee6b7f6375c9
22,12,Easter Sale 2024,04/01/2024,22,6464e7b4860eee6b7f6375ca
23,6,Mothers Day Sale 2024,05/01/2024,23,6464e7b4860eee6b7f6375cb
24,3,Memorial Day Sale 2024,05/27/2024,24,6464e7b4860eee6b7f6375cc
25,12,Summer sale,06/01/2023,25,6464e7b4860eee6b7f6375cd
26,12,Summer sale,06/01/2023,26,6464e7b4860eee6b7f6375ce
27,3,Summer sale,06/01/2023,27,6464e7b4860eee6b7f6375cf
28,6,Summer sale,06/01/2023,28,6464e7b4860eee6b7f6375d0
29,12,Summer sale,06/01/2023,29,6464e7b4860eee6b7f6375d1
30,12,Summer sale,06/01/2023,30,6464e7b4860eee6b7f6375d2