PROD_CAT_CATEGORY,PROD_CAT_ID,_id
Electronics,1,6464e6b1860eee6b7f637539
Clothing,2,6464e6b1860eee6b7f63753a
Home goods,3,6464e6b1860eee6b7f63753b
Beauty,4,6464e6b1860eee6b7f63753c
Sports,5,6464e6b1860eee6b7f63753d
Toys,6,6464e6b1860eee6b7f63753e
Furniture,7,6464e6b1860eee6b7f63753f
Food,8,6464e6b1860eee6b7f637540
Books,9,6464e6b1860eee6b7f637541
Jewelry,10,6464e6b1860eee6b7f637542
Automotive,11,6464e6b1860eee6b7f637543
Music,12,6464e6b1860eee6b7f637544
Movies,13,6464e6b1860eee6b7f637545
Pet supplies,14,6464e6b1860eee6b7f637546
Office supplies,15,6464e6b1860eee6b7f637547
Tools,16,6464e6b1860eee6b7f637548
Health,17,6464e6b1860eee6b7f637549
Baby,18,6464e6b1860eee6b7f63754a
Outdoor,19,6464e6b1860eee6b7f63754b
Shoes,20,6464e6b1860eee6b7f63754c
Industrial,21,6464e6b1860eee6b7f63754d
Grocery,22,6464e6b1860eee6b7f63754e
Software,23,6464e6b1860eee6b7f63754f
Cameras,24,6464e6b1860eee6b7f637550
Musical instruments,25,6464e6b1860eee6b7f637551
Arts and crafts,26,6464e6b1860eee6b7f637552
Cell phones,27,6464e6b1860eee6b7f637553
Watches,28,6464e6b1860eee6b7f637554
Luggage,29,6464e6b1860eee6b7f637555
Garden,30,6464e6b1860eee6b7f637556